<?xml version="1.0" encoding="UTF-8" standalone="no"?>
<jcr:root activeTab="0" allowBlank="{Boolean}false" fileName="dialog.xml" hideLabel="{Boolean}false" xmlns:jcr="http://www.jcp.org/jcr/1.0" jcr:primaryType="cq:Dialog" title="Test Component" xtype="dialog">
  <items jcr:primaryType="cq:WidgetCollection">
    <tabs jcr:primaryType="cq:TabPanel">
      <items jcr:primaryType="cq:WidgetCollection">
        <TestComponent jcr:primaryType="cq:Widget" title="Test Component">
          <items jcr:primaryType="cq:WidgetCollection">
            <title allowBlank="{Boolean}true" fieldDescription="Our title" fieldLabel="Test Title" hideLabel="{Boolean}false" jcr:primaryType="cq:Widget" name="./title" xtype="textfield"/>
          </items>
        </TestComponent>
      </items>
    </tabs>
  </items>
</jcr:root>
