<?xml version="1.0" encoding="UTF-8" standalone="no"?>
<jcr:root activeTab="0" allowBlank="{Boolean}false" fileName="dialog.xml" hideLabel="{Boolean}false" xmlns:jcr="http://www.jcp.org/jcr/1.0" jcr:primaryType="cq:Dialog" title="client search" xtype="dialog">
  <items jcr:primaryType="cq:WidgetCollection">
    <tabs jcr:primaryType="cq:TabPanel">
      <items jcr:primaryType="cq:WidgetCollection">
        <clientsearch jcr:primaryType="cq:Widget" title="client search">
          <items jcr:primaryType="cq:WidgetCollection">
            <searchBy allowBlank="{Boolean}true" fieldDescription="Criteria for searching clients" fieldLabel="Search Criteria" hideLabel="{Boolean}false" jcr:primaryType="cq:Widget" name="./searchBy" type="select" xtype="selection">
              <options jcr:primaryType="cq:WidgetCollection">
                <option0 jcr:primaryType="nt:unstructured" text="All" value="All"/>
                <option1 jcr:primaryType="nt:unstructured" text="Id" value="Id"/>
                <option2 jcr:primaryType="nt:unstructured" text="Name" value="Name"/>
                <option3 jcr:primaryType="nt:unstructured" text="Industry" value="Industry"/>
                <option4 jcr:primaryType="nt:unstructured" text="AEM Version" value="AEM Version"/>
                <option5 jcr:primaryType="nt:unstructured" text="Client Since" value="Client Since"/>
              </options>
            </searchBy>
          </items>
        </clientsearch>
      </items>
    </tabs>
  </items>
</jcr:root>
